Ovidiu Cracium,Senior Tool Designer,M,S,2010-12-05
Janice Galvin,Tool Designer,F,M,2010-12-23
Michael Sullivan,Senior Design Engineer,M,S,2010-12-30
Sharon Salavaria,Design Engineer,F,M,2011-01-18
John Wood,Marketing Specialist,M,S,2011-02-07
Mary Dempsey,Marketing Assistant,F,S,2011-02-14
Wanida Benshoof,Marketing Assistant,F,M,2011-01-07
Kim Abercrombie,Production Technician - WC60,F,M,2010-01-16
Ed Dudenhoefer,Production Technician - WC60,M,S,2010-02-05
Bonnie Kearney,Production Technician - WC10,F,M,2010-01-01
Maciej Dusza,Production Technician - WC60,M,S,2010-01-29
Michael Zwilling,Production Technician - WC60,M,S,2010-02-23
Randy Reeves,Production Technician - WC60,M,M,2010-02-23
Eric Brown,Production Technician - WC40,M,M,2010-01-24
Sandeep Kaliyath,Production Technician - WC40,M,S,2010-01-17
Jack Creasey,Production Technician - WC40,M,S,2010-03-03
Patrick Cook,Production Technician - WC40,M,M,2010-02-12
Frank Martinez,Production Technician - WC40,M,M,2010-02-05
Patrick Wedge,Production Technician - WC10,M,S,2010-02-01
Danielle Tiedt,Production Technician - WC10,F,S,2010-02-20
Kimberly Zimmerman,Production Technician - WC10,F,S,2010-01-12
Tom Vande Velde,Production Technician - WC10,M,M,2010-03-10
John Kane,Production Technician - WC10,M,S,2010-02-27
Christopher Hill,Production Technician - WC10,M,M,2010-02-08
Hung-Fu Ting,Production Technician - WC20,M,S,2010-01-06
Prasanna Samarawickrama,Production Technician - WC20,M,M,2010-01-22
Min Su,Production Technician - WC20,M,M,2010-01-24
Olinda Turner,Production Technician - WC20,F,S,2010-03-04
Krishna Sunkammurali,Production Technician - WC20,M,S,2010-02-13
Sootha Charncherngkha,Quality Assurance Technician,M,M,2010-02-23
Lori Penor,Janitor,F,M,2010-02-16
Stuart Macrae,Janitor,M,M,2010-03-05
Jo Berry,Janitor,F,M,2010-03-07
Pat Coleman,Janitor,M,S,2010-01-27
Sheela Word,Purchasing Manager,F,S,2011-02-25
Fukiko Ogisu,Buyer,M,M,2010-01-04
Gordon Hee,Buyer,M,M,2010-01-11
Frank Pellow,Buyer,M,M,2010-01-23
Eric Kurjan,Buyer,M,S,2010-01-27
Erin Hagens,Buyer,F,S,2010-01-31
Ben Miller,Buyer,M,M,2010-03-09
Annette Hill,Purchasing Assistant,F,M,2010-12-06
Reinout Hillmann,Purchasing Assistant,M,M,2010-12-25
Brian Welcker,Vice President of Sales,M,S,2011-02-15
Stephen Jiang,North American Sales Manager,M,M,2011-01-04
Michael Blythe,Sales Representative,M,S,2011-05-31
Linda Mitchell,Sales Representative,F,M,2011-05-31
Jillian Carson,Sales Representative,F,S,2011-05-31
Garrett Vargas,Sales Representative,M,M,2011-05-31
Tsvi Reiter,Sales Representative,M,M,2011-05-31
Pamela Ansman-Wolfe,Sales Representative,F,S,2011-05-31
Shu Ito,Sales Representative,M,M,2011-05-31
José Saraiva,Sales Representative,M,M,2011-05-31
David Campbell,Sales Representative,M,S,2011-05-31
Tete Mensa-Annan,Sales Representative,M,M,2012-09-30
Syed Abbas,Pacific Sales Manager,M,M,2013-03-14
Lynn Tsoflias,Sales Representative,F,S,2013-05-30
Amy Alberts,European Sales Manager,F,M,2012-04-16
Rachel Valdez,Sales Representative,F,S,2013-05-30
Jae Pak,Sales Representative,F,M,2012-05-30
Ranjit Varkey Chudukatil,Sales Representative,M,S,2012-05-30
